-- ================================================================
-- LAS Esports — Seed de datos iniciales
-- Torneo Inaugural MGS · Semana 6–12 de Abril 2026
-- Ejecutar en: Supabase Dashboard > SQL Editor
-- ================================================================

-- ================================================================
-- EQUIPOS
-- ================================================================
INSERT INTO public.teams (id, nombre, siglas, representante, activo) VALUES
  ('11111111-0000-0000-0000-000000000001', 'Migajeros',           'MGS',  'Braulio (braulio2054)', true),
  ('11111111-0000-0000-0000-000000000002', 'Apicultores Academy', 'API',  'LIL Canyon (lil_dhen)', true),
  ('11111111-0000-0000-0000-000000000003', 'AFG',                 'AFG',  'Gon',                   true),
  ('11111111-0000-0000-0000-000000000004', 'AFG Academy',         'AFGA', 'Gon',                   true),
  ('11111111-0000-0000-0000-000000000005', 'Gaping',              'GAP',  'Ratd',                  true),
  ('11111111-0000-0000-0000-000000000006', 'Runaans',             'RNS',  'Franco',                true),
  ('11111111-0000-0000-0000-000000000007', 'AUT',                 'AUT',  'Flipin',                true),
  ('11111111-0000-0000-0000-000000000008', 'Zapadores Esports',   'ZAP',  'Dano',                  true);

-- ================================================================
-- JUGADORES — MGS Migajeros
-- ================================================================
INSERT INTO public.players (team_id, nombre, rol, suplente) VALUES
  ('11111111-0000-0000-0000-000000000001', 'Marco (Susano Wa)',       'Top',     false),
  ('11111111-0000-0000-0000-000000000001', 'Ayleen (TÓXICA Y CELOSA)','Jungle',  false),
  ('11111111-0000-0000-0000-000000000001', 'Judy (Judyy)',            'Mid',     false),
  ('11111111-0000-0000-0000-000000000001', 'Benjamin (PRD Xero)',     'ADC',     false),
  ('11111111-0000-0000-0000-000000000001', 'Nick (Luveloc)',          'Support', false),
  ('11111111-0000-0000-0000-000000000001', 'Benjamin (Locotero)',     'Jungle',  true);

-- ================================================================
-- JUGADORES — Apicultores Academy
-- ================================================================
INSERT INTO public.players (team_id, nombre, rol, suplente) VALUES
  ('11111111-0000-0000-0000-000000000002', 'SAIJAX',           'Top',     false),
  ('11111111-0000-0000-0000-000000000002', 'Haitiano ilegal',  'Jungle',  false),
  ('11111111-0000-0000-0000-000000000002', 'Pibe10',           'Mid',     false),
  ('11111111-0000-0000-0000-000000000002', 'ObscuredByClouds', 'ADC',     false),
  ('11111111-0000-0000-0000-000000000002', 'Sώirlix',          'Support', false),
  ('11111111-0000-0000-0000-000000000002', 'Bad pony',         'Top',     true),
  ('11111111-0000-0000-0000-000000000002', 'Profesor Phillip', 'Jungle',  true),
  ('11111111-0000-0000-0000-000000000002', 'Zëkee',            'Mid',     true),
  ('11111111-0000-0000-0000-000000000002', 'Mkirio',           'ADC',     true),
  ('11111111-0000-0000-0000-000000000002', 'Chupito Diaz',     'Support', true);

-- ================================================================
-- JUGADORES — AFG
-- ================================================================
INSERT INTO public.players (team_id, nombre, rol, suplente) VALUES
  ('11111111-0000-0000-0000-000000000003', 'TIAGO (AFG 4EverBr0nz4)', 'Top',     false),
  ('11111111-0000-0000-0000-000000000003', 'ALEX (AlexB201)',         'Jungle',  false),
  ('11111111-0000-0000-0000-000000000003', 'SARO (Айртон Сенна)',     'Mid',     false),
  ('11111111-0000-0000-0000-000000000003', 'SKELA',                   'ADC',     false),
  ('11111111-0000-0000-0000-000000000003', 'MORNINGSTAR',             'Support', false),
  ('11111111-0000-0000-0000-000000000003', 'BENJA (Benjajax)',        'Jungle',  true);

-- ================================================================
-- JUGADORES — AFG Academy
-- ================================================================
INSERT INTO public.players (team_id, nombre, rol, suplente) VALUES
  ('11111111-0000-0000-0000-000000000004', 'ANGEL (AFG Ángel)', 'Top',     false),
  ('11111111-0000-0000-0000-000000000004', 'PACHA (ElGranPachuly)', 'Jungle',  false),
  ('11111111-0000-0000-0000-000000000004', 'NICO (Asf zeus)',   'Mid',     false),
  ('11111111-0000-0000-0000-000000000004', 'SOEKI',             'ADC',     false),
  ('11111111-0000-0000-0000-000000000004', 'MATU (GOJO)',       'Support', false),
  ('11111111-0000-0000-0000-000000000004', 'SCLERI',            'Top',     true),
  ('11111111-0000-0000-0000-000000000004', 'MIK',               'Jungle',  true),
  ('11111111-0000-0000-0000-000000000004', 'CHIBI',             'Mid',     true),
  ('11111111-0000-0000-0000-000000000004', 'LUCIO',             'ADC',     true),
  ('11111111-0000-0000-0000-000000000004', 'PLAGUE',            'Support', true);

-- ================================================================
-- JUGADORES — Gaping
-- ================================================================
INSERT INTO public.players (team_id, nombre, rol, suplente) VALUES
  ('11111111-0000-0000-0000-000000000005', 'Máximo (mt2018)',       'Top',     false),
  ('11111111-0000-0000-0000-000000000005', 'POLACO',                'Jungle',  false),
  ('11111111-0000-0000-0000-000000000005', 'Brandon (Tempestad42)', 'Mid',     false),
  ('11111111-0000-0000-0000-000000000005', 'Kikue (Kenshin)',       'ADC',     false),
  ('11111111-0000-0000-0000-000000000005', 'Brian (Kratos)',        'Support', false),
  ('11111111-0000-0000-0000-000000000005', 'Thiago (PiñonFijo33)', 'Top',     true),
  ('11111111-0000-0000-0000-000000000005', 'Jeremy (Ax5)',          'ADC',     true);

-- ================================================================
-- JUGADORES — Runaans
-- ================================================================
INSERT INTO public.players (team_id, nombre, rol, suplente) VALUES
  ('11111111-0000-0000-0000-000000000006', 'RNS Kami',      'Top',     false),
  ('11111111-0000-0000-0000-000000000006', 'ELMASKESUENA',  'Jungle',  false),
  ('11111111-0000-0000-0000-000000000006', 'RNS Mish',      'Mid',     false),
  ('11111111-0000-0000-0000-000000000006', 'RNS Requiem',   'ADC',     false),
  ('11111111-0000-0000-0000-000000000006', 'RNS Zelda',     'Support', false),
  ('11111111-0000-0000-0000-000000000006', 'RNS Dovahkiin', 'Jungle',  true);

-- ================================================================
-- JUGADORES — AUT
-- ================================================================
INSERT INTO public.players (team_id, nombre, rol, suplente) VALUES
  ('11111111-0000-0000-0000-000000000007', 'SantiDroid',     'Top',     false),
  ('11111111-0000-0000-0000-000000000007', 'ジョセマ零35',     'Jungle',  false),
  ('11111111-0000-0000-0000-000000000007', 'Dragonoidex',    'Mid',     false),
  ('11111111-0000-0000-0000-000000000007', 'Glifosato',      'ADC',     false),
  ('11111111-0000-0000-0000-000000000007', 'Lil FlippiN',    'Support', false);

-- ================================================================
-- JUGADORES — Zapadores Esports
-- ================================================================
INSERT INTO public.players (team_id, nombre, rol, suplente) VALUES
  ('11111111-0000-0000-0000-000000000008', 'Chiwiwi',        'Top',     false),
  ('11111111-0000-0000-0000-000000000008', 'Winter',         'Jungle',  false),
  ('11111111-0000-0000-0000-000000000008', 'SonOfTheMoon',   'Mid',     false),
  ('11111111-0000-0000-0000-000000000008', 'Reformed',       'ADC',     false),
  ('11111111-0000-0000-0000-000000000008', 'TipPancito',     'Support', false),
  ('11111111-0000-0000-0000-000000000008', 'TheShelShok',    'Top',     true),
  ('11111111-0000-0000-0000-000000000008', 'BeideR',         'Jungle',  true),
  ('11111111-0000-0000-0000-000000000008', 'quepajaxd',      'Mid',     true),
  ('11111111-0000-0000-0000-000000000008', 'Isg Fabian',     'ADC',     true),
  ('11111111-0000-0000-0000-000000000008', 'LLR',            'Support', true);

-- ================================================================
-- PARTIDAS — Semana 6–12 de Abril 2026
-- Horarios en ARG (UTC-3)
-- ================================================================

-- Lunes 6 de Abril
INSERT INTO public.matches (team_a_id, team_b_id, fecha, hora) VALUES
  ('11111111-0000-0000-0000-000000000001', '11111111-0000-0000-0000-000000000003', '2026-04-06', '22:30:00'),
  ('11111111-0000-0000-0000-000000000002', '11111111-0000-0000-0000-000000000007', '2026-04-06', '19:00:00'),
  ('11111111-0000-0000-0000-000000000004', '11111111-0000-0000-0000-000000000008', '2026-04-06', '21:00:00'),
  ('11111111-0000-0000-0000-000000000006', '11111111-0000-0000-0000-000000000005', '2026-04-06', '21:30:00');

-- Martes 7 de Abril
INSERT INTO public.matches (team_a_id, team_b_id, fecha, hora) VALUES
  ('11111111-0000-0000-0000-000000000001', '11111111-0000-0000-0000-000000000002', '2026-04-07', '22:30:00'),
  ('11111111-0000-0000-0000-000000000003', '11111111-0000-0000-0000-000000000004', '2026-04-07', '21:00:00'),
  ('11111111-0000-0000-0000-000000000005', '11111111-0000-0000-0000-000000000008', '2026-04-07', '21:30:00'),
  ('11111111-0000-0000-0000-000000000007', '11111111-0000-0000-0000-000000000006', '2026-04-07', '21:00:00');

-- Miércoles 8 de Abril
INSERT INTO public.matches (team_a_id, team_b_id, fecha, hora) VALUES
  ('11111111-0000-0000-0000-000000000001', '11111111-0000-0000-0000-000000000004', '2026-04-08', '22:30:00'),
  ('11111111-0000-0000-0000-000000000003', '11111111-0000-0000-0000-000000000005', '2026-04-08', '21:30:00'),
  ('11111111-0000-0000-0000-000000000006', '11111111-0000-0000-0000-000000000008', '2026-04-08', '21:00:00'),
  ('11111111-0000-0000-0000-000000000002', '11111111-0000-0000-0000-000000000007', '2026-04-08', '19:00:00');

-- Jueves 9 de Abril
INSERT INTO public.matches (team_a_id, team_b_id, fecha, hora) VALUES
  ('11111111-0000-0000-0000-000000000001', '11111111-0000-0000-0000-000000000005', '2026-04-09', '22:30:00'),
  ('11111111-0000-0000-0000-000000000002', '11111111-0000-0000-0000-000000000003', '2026-04-09', '21:00:00'),
  ('11111111-0000-0000-0000-000000000004', '11111111-0000-0000-0000-000000000006', '2026-04-09', '21:00:00'),
  ('11111111-0000-0000-0000-000000000007', '11111111-0000-0000-0000-000000000008', '2026-04-09', '20:00:00');

-- Viernes 10 de Abril
INSERT INTO public.matches (team_a_id, team_b_id, fecha, hora) VALUES
  ('11111111-0000-0000-0000-000000000001', '11111111-0000-0000-0000-000000000006', '2026-04-10', '22:30:00'),
  ('11111111-0000-0000-0000-000000000002', '11111111-0000-0000-0000-000000000004', '2026-04-10', '21:00:00'),
  ('11111111-0000-0000-0000-000000000003', '11111111-0000-0000-0000-000000000007', '2026-04-10', '21:00:00'),
  ('11111111-0000-0000-0000-000000000005', '11111111-0000-0000-0000-000000000002', '2026-04-10', '21:30:00');

-- Sábado 11 de Abril
INSERT INTO public.matches (team_a_id, team_b_id, fecha, hora) VALUES
  ('11111111-0000-0000-0000-000000000001', '11111111-0000-0000-0000-000000000008', '2026-04-11', '22:30:00'),
  ('11111111-0000-0000-0000-000000000002', '11111111-0000-0000-0000-000000000005', '2026-04-11', '21:00:00'),
  ('11111111-0000-0000-0000-000000000003', '11111111-0000-0000-0000-000000000006', '2026-04-11', '21:00:00'),
  ('11111111-0000-0000-0000-000000000007', '11111111-0000-0000-0000-000000000004', '2026-04-11', '21:00:00');

-- Domingo 12 de Abril
INSERT INTO public.matches (team_a_id, team_b_id, fecha, hora) VALUES
  ('11111111-0000-0000-0000-000000000001', '11111111-0000-0000-0000-000000000007', '2026-04-12', NULL),      -- PENDIENTE horario especial
  ('11111111-0000-0000-0000-000000000002', '11111111-0000-0000-0000-000000000006', '2026-04-12', '21:00:00'),
  ('11111111-0000-0000-0000-000000000003', '11111111-0000-0000-0000-000000000008', '2026-04-12', NULL),      -- PENDIENTE coordinar
  ('11111111-0000-0000-0000-000000000004', '11111111-0000-0000-0000-000000000005', '2026-04-12', '21:00:00');
